link,tags,likes,comments
https://cdn.pixabay.com/photo/2022/03/06/05/30/clouds-7050884__480.jpg,"Blue Sky Sky, Clouds, Atmosphere,",196,55
https://cdn.pixabay.com/photo/2022/04/07/11/45/bird-7117346__340.jpg,"Ornithology, Hummingbird Bird,",76,20
https://cdn.pixabay.com/photo/2022/02/28/15/28/sea-7039471__340.jpg,"Sea, Rainbow, Subtropical Rainfall,",282,106
https://cdn.pixabay.com/photo/2022/04/04/02/52/cherry-blossoms-7110279__340.jpg,"Blossoms, Sakura Cherry Japan, Road,",42,11
https://cdn.pixabay.com/photo/2022/04/09/18/06/cape-marguerite-7121992__340.jpg,"Marguerite, Flower, Plant Cape",39,15
https://cdn.pixabay.com/photo/2021/11/13/23/06/tree-6792528__340.jpg,Rest Tree The Under Relaxing,522,108
https://cdn.pixabay.com/photo/2022/04/07/02/56/cottontail-rabbit-7116707__340.jpg,"Wild Rabbit, Grass Cottontail",51,10
https://cdn.pixabay.com/photo/2022/03/19/21/11/crocus-7079550__340.jpg,"Plant Flowers, Crocus, Spring,",135,44
https://cdn.pixabay.com/photo/2022/04/09/17/30/coffee-7121939__340.jpg,"Vacation, Coffee, Café, Table Drink,",26,5
https://cdn.pixabay.com/photo/2022/03/25/19/24/waterfall-7091641__340.jpg,"Fall, Epic, Waterfall, Nature, Light",96,21
https://cdn.pixabay.com/photo/2021/08/25/20/42/field-6574455__340.jpg,"Nature Morning, Field, Sunrise, Dawn,",807,131
https://cdn.pixabay.com/photo/2022/04/04/18/03/bird-7111988__340.jpg,"Robin, Animal Birdwatching, Bird,",69,19
https://cdn.pixabay.com/photo/2022/04/04/07/58/seedlings-7110591__340.jpg,"Seedlings, Spring Soil, Flowers, Bloom",42,9
https://cdn.pixabay.com/photo/2022/03/23/21/27/road-7087957__340.jpg,"Hills Road, Highway, Countryside,",53,14
https://cdn.pixabay.com/photo/2022/03/27/15/03/cityscape-7095358__340.jpg,"Cityscape, Bridge, Monochrome, City",45,13
https://cdn.pixabay.com/photo/2022/03/25/17/54/sakura-7091532__340.jpg,"Blossoms, Sakura, Cherry Water Spring,",70,12
https://cdn.pixabay.com/photo/2022/04/01/19/03/background-7105471__480.jpg,"Easter, Art Eggs, Background, Template,",5,2
https://cdn.pixabay.com/photo/2022/01/31/12/46/bird-6983434__340.jpg,"Chat, Ornithology, Indian Species Bird,",171,53
https://cdn.pixabay.com/photo/2022/01/18/16/49/town-6947538__340.jpg,"Town, Village, Night, Season Winter,",109,15
https://cdn.pixabay.com/photo/2022/04/09/17/42/flower-7121955__340.jpg,"Pansy, Viola, Flower, Bloom Blossom,",55,36
https://cdn.pixabay.com/photo/2021/08/30/21/29/port-6587129__340.jpg,"Lake, Architecture, Vacations Port,",276,49
https://cdn.pixabay.com/photo/2022/03/16/02/03/sunflowers-7071449__340.jpg,"Plant Flowers, Sunflowers,",54,21
https://cdn.pixabay.com/photo/2022/03/28/18/41/coffee-7098126__340.jpg,"Morning Flowers, Coffee, Spring,",40,10
https://cdn.pixabay.com/photo/2022/02/12/06/21/roys-peak-7008528__340.jpg,"Peak, Lake, Wanaka, Mountains Roys",69,19
https://cdn.pixabay.com/photo/2021/11/21/21/14/mountain-6815304__340.jpg,"likes. you, everyone. downloads and you many Thank for",197,0
https://cdn.pixabay.com/photo/2021/08/22/15/48/nature-6565499__340.jpg,"Exploration Nature, Beach, Outdoors,",272,150
https://cdn.pixabay.com/photo/2022/03/03/11/18/nature-7045125__340.jpg,Coast Danish Shot of during Jutland. The sunset. West,48,11
https://cdn.pixabay.com/photo/2022/03/16/21/01/gentoo-penguin-7073391__340.jpg,"Gentoo Penguin, Animal Bird,",93,22
https://cdn.pixabay.com/photo/2021/11/26/20/45/lantern-6826698__340.jpg,"Sea, Beach, Lantern, Tree Heaven, Water,",243,31
https://cdn.pixabay.com/photo/2022/04/03/05/03/easter-7108066__340.jpg,"Bunny Easter Easter, Spring,",17,10
https://cdn.pixabay.com/photo/2018/01/14/23/12/nature-3082832__340.jpg,formation during green daytime rock lake on trees brown,3098,495
https://cdn.pixabay.com/photo/2022/02/27/19/46/tourist-attraction-7037967__340.jpg,"Travel Tourist Attraction, Tower, Eiffel",83,21
https://cdn.pixabay.com/photo/2022/04/07/22/23/menhir-7118382__480.jpg,"Standing Stones, Stones Menhir, Clouds,",64,49
https://cdn.pixabay.com/photo/2022/01/13/18/05/road-6935773__340.jpg,"Frost, Path Snow, Winter, Road, Trees,",133,24
https://cdn.pixabay.com/photo/2022/04/10/07/03/bird-7122753__340.jpg,"Woodpecker Bird,",28,20
https://cdn.pixabay.com/photo/2021/11/25/19/50/tape-6824489__340.jpg,"Music, Tape, Retro, Classic Cassette,",134,20
https://cdn.pixabay.com/photo/2022/01/10/15/29/wind-mills-6928590__340.jpg,"Mills, Energy, Clouds, Power Wind",144,101
https://cdn.pixabay.com/photo/2022/02/15/07/27/travel-7014427__340.jpg,"Tartini, Square, Tourism, Travel, Piran",70,19
https://cdn.pixabay.com/photo/2022/04/11/04/33/easter-eggs-7124718__340.jpg,"Nest, Easter Colored Eggs, Eggs",29,0
https://cdn.pixabay.com/photo/2022/02/07/22/27/winter-7000429__340.jpg,"Outdoors, Travel Winter, Nature, Season,",111,24
https://cdn.pixabay.com/photo/2022/04/11/09/40/glacier-7125386__340.jpg,"Dying Melting Glaciers, Glacier, Glacier",36,27
https://cdn.pixabay.com/photo/2021/11/01/21/31/forest-6761846__340.jpg,"Nature Tropical, Green, Jungle, Forest,",135,22
https://cdn.pixabay.com/photo/2022/02/05/08/13/tulip-6994245__340.jpg,"Bloom, Tulip, Petals Flower, Blossom,",92,35
https://cdn.pixabay.com/photo/2022/04/07/13/06/flowers-7117461__340.jpg,"Pink Flowers, Petals",62,0
https://cdn.pixabay.com/photo/2022/02/22/03/22/passiflora-7027917__340.jpg,"Passiflora, Flower, Flower Passion",97,66
https://cdn.pixabay.com/photo/2021/11/02/21/57/prayer-6764197__340.jpg,"Religion, Prayer, Hope, Faith, Blessing",175,57
https://cdn.pixabay.com/photo/2022/04/09/10/13/galaxy-7121195__340.jpg,"Cosmos Universe, Galaxy, Star, Space,",45,40
https://cdn.pixabay.com/photo/2022/03/31/09/25/dragonfly-7102558__480.jpg,"Macro Nature, Insect, Dragonfly,",19,3
https://cdn.pixabay.com/photo/2022/01/10/18/09/budapest-6928973__340.jpg,"Budapest, Hungary, Architecture, Church",107,21
https://cdn.pixabay.com/photo/2022/03/16/11/27/trees-7072255__340.jpg,"Foliage, Leaves, Forest, Magic Trees,",66,18
https://cdn.pixabay.com/photo/2021/12/11/07/59/hotel-6862159__340.jpg,Bridges 1880! Klausenbach. Nordrach Kolonie! Wie als Klinik Hope meinem Adams der bei Makatsch mit Es Das Ort. war liegt Reha Heike in Ärztin tollen wunderbarer einen erste Dr. genauer Aufenthalt die für Lehmann Film gibt Die gemacht Erholung!,94,14
https://cdn.pixabay.com/photo/2021/12/22/16/50/landscape-6887936__340.jpg,"Mt. temple a The managed Hinoki useful cypress, In of tree the temple. are This site used crafts. which by and old woods Hiei trees constructions Enryaku-ji plantation near (848m). owned very future, reconstruction buildings. summit is for",160,45
https://cdn.pixabay.com/photo/2022/04/07/13/08/flowers-7117464__340.jpg,"Growth, Nature, Flowers, Bloom Blossom,",63,0
https://cdn.pixabay.com/photo/2022/02/04/10/31/cow-6992475__340.jpg,day! baby ☺️ any due babies) are My (or,155,142
https://cdn.pixabay.com/photo/2022/01/02/19/43/port-6910972__340.jpg,"Boat, Sea Port, Ship, Sweden,",89,22
https://cdn.pixabay.com/photo/2022/04/08/21/42/heron-7120365__340.jpg,"as a sites selling Photographed to stock licence: - license link the February 2021 or Pixabay 29, elsewhere. https://pixabay.com/service/license/ FORBIDS Here is on images",34,51
https://cdn.pixabay.com/photo/2021/11/01/13/58/leaf-6760484__340.jpg,"Fall, Autumn, Leaf Leaf, Nature, Season,",171,53
https://cdn.pixabay.com/photo/2021/08/27/18/50/water-6579313__340.jpg,"Water, Ringedalsvannet Trolltunga,",202,45
https://cdn.pixabay.com/photo/2021/12/01/18/17/cat-6838844__340.jpg,"Pet, Feline Shorthair, European Cat,",156,49
https://cdn.pixabay.com/photo/2022/01/26/20/43/baboon-6969935__340.jpg,"Baboon, Animal, Wildlife, Gesture",140,41
https://cdn.pixabay.com/photo/2022/04/10/19/28/savoy-7124124__340.jpg,"Cabbage, Carrots Savoy, Vegetables,",28,20
https://cdn.pixabay.com/photo/2022/03/16/04/08/koi-fish-7071556__480.jpg,"Water, Koi Fish, Pond,",54,64
https://cdn.pixabay.com/photo/2021/07/09/02/29/family-6398107__340.jpg,"Ocean, Family People, Beach, Family,",219,57
https://cdn.pixabay.com/photo/2022/02/26/21/47/elephant-7036431__340.jpg,"Baby Animals Elephant,",104,35
https://cdn.pixabay.com/photo/2022/04/10/19/28/savoy-7124124__340.jpg,"Cabbage, Carrots Savoy, Vegetables,",24,16
https://cdn.pixabay.com/photo/2022/04/10/10/08/ranunculus-7123057__340.jpg,(optional) Add a description,25,15
https://cdn.pixabay.com/photo/2022/04/08/17/33/great-cormorant-7119976__340.jpg,"Bird Great Cormorant,",36,24
https://cdn.pixabay.com/photo/2022/04/10/19/07/flower-7124081__340.jpg,"Flower, Petals, Plant Daffodil,",21,14
https://cdn.pixabay.com/photo/2022/01/28/18/46/sea-6975501__340.jpg,"Sea, Sky, Waves, Storm, Clouds, Overcast",102,38
https://cdn.pixabay.com/photo/2017/02/08/17/24/fantasy-2049567__340.jpg,"Butterflies, Mushrooms, Forest Fantasy,",3322,536
https://cdn.pixabay.com/photo/2022/03/15/15/19/child-7070570__340.jpg,"Meadow, Child, Kid Cute, Boy, Flowers,",43,2
https://cdn.pixabay.com/photo/2022/04/06/12/18/grass-7115462__340.jpg,"Oats, Barley Grass, Ear, Plants,",46,44
https://cdn.pixabay.com/photo/2021/10/14/13/50/book-6709160__340.jpg,"Library Literature, Reading, Book,",130,57
https://cdn.pixabay.com/photo/2022/04/06/13/59/wood-anemones-7115637__340.jpg,"Anemones, Anemone, Buttercups Wood",46,39
https://cdn.pixabay.com/photo/2017/12/15/13/51/polynesia-3021072__340.jpg,boat during and daytime beach red on white,2610,499
https://cdn.pixabay.com/photo/2022/04/03/09/30/flower-7108476__340.jpg,"Bloom, Pollination, Flower, Bee, Insect",50,68
https://cdn.pixabay.com/photo/2022/04/11/18/14/letter-box-7126374__480.jpg,"Box, Email Office Post Letter Delivery,",17,12
https://cdn.pixabay.com/photo/2022/01/17/23/10/sunset-6945937__340.jpg,At Lake Calm Sunset,59,18
https://cdn.pixabay.com/photo/2022/04/04/22/33/sunflowers-7112463__340.jpg,"Illustration, farming, sunflowers",72,77
https://cdn.pixabay.com/photo/2022/02/19/21/46/beach-7023446__340.jpg,"Sea, Beach, Sand, Winter North",30,6
https://cdn.pixabay.com/photo/2022/01/13/16/37/trees-6935614__340.jpg,"Outdoors Nature, Winter, Trees, Season,",90,18
https://cdn.pixabay.com/photo/2022/03/02/14/25/flower-7043267__340.jpg,"Bloom, Flower, Rose, Botany Blossom,",107,91
https://cdn.pixabay.com/photo/2021/12/27/11/55/winter-6897046__340.jpg,"Frost, Texture, Winter, Macro Nature,",113,32
https://cdn.pixabay.com/photo/2021/12/28/14/30/bird-6899457__340.jpg,"Species Blackbird, Ornithology, Bird,",109,27
https://cdn.pixabay.com/photo/2022/04/10/14/27/trees-7123499__340.jpg,"Nature, Rural, Landscape Clouds, Trees,",14,8
https://cdn.pixabay.com/photo/2022/01/16/20/38/coffee-6943139__340.jpg,"Office Eraser, Coffee, Pencils,",69,9
https://cdn.pixabay.com/photo/2021/07/18/04/00/lotus-6474572__340.jpg,"Lotus Pink Lotus, Flower, Flower",279,45
https://cdn.pixabay.com/photo/2022/04/01/15/31/bus-7105041__340.jpg,sind frei… Plätze noch Es,43,34
https://cdn.pixabay.com/photo/2022/01/21/19/21/crocus-6955548__340.jpg,"Crocus Crocus, Purple Plants, Flowers,",77,16
https://cdn.pixabay.com/photo/2022/04/11/09/18/birds-7125333__340.jpg,"March 21, Taken 2022 in",16,7
https://cdn.pixabay.com/photo/2021/12/12/22/48/mountain-6867146__340.jpg,"Forest, Clouds Winter, Summit, Mountain,",82,8
https://cdn.pixabay.com/photo/2022/04/10/07/33/ice-cream-cone-7122797__340.jpg,"Ice Cream Squirrel, Flower Cone,",16,11
https://cdn.pixabay.com/photo/2022/04/09/09/29/flower-7121113__480.jpg,"Spring Flowers Flower, Magnolia, Tree,",8,2
https://cdn.pixabay.com/photo/2022/04/06/09/46/flowers-7115215__340.jpg,"Bouquet, Garden Flowers,",47,26
https://cdn.pixabay.com/photo/2022/03/04/09/02/winter-7046891__340.jpg,Stop Help Ukraine! the war!,56,15
https://cdn.pixabay.com/photo/2022/04/03/08/33/jay-7108357__340.jpg,"Jay, Animal, Snow, Bird, Winter",62,48
